id,store_id,title,purchase_url,price,gluten_free_tag,high_protein_tag,sugar_free_tag,vegan_tag,ketogenic_tag,flavor
1,1,냥빵 파운드 저탄수 대체당 제로 빵 글루텐프리 건강빵 비건,https://smartstore.naver.com/nyangppang/products/5907549396,3800,1.0,0.0,0.0,0.0,0.0,필수상품 없음
2,2,비건 유기농 쌀 & 기장쌀 잡곡 비스코티 5종 미앤드리 글루텐프리,https://smartstore.naver.com/meandri/products/8173331858,5000,1.0,0.0,0.0,1.0,0.0,드리 초코코코넛(넛프리) 한라봉얼그레이 바나나피칸(제로슈가/노오일/노솔트) 말차캐슈넛
3,3,비건이레 비건케이크 글루텐프리 떠먹는케이크 얼그레이아몬드베린느 GF,https://smartstore.naver.com/vegan_for_sevendays/products/7236359151,7500,1.0,0.0,0.0,1.0,0.0,베린느 얼그레이아몬드베린느 (GF) 헤이즐넛베린느 (GF) 임자레오베린느 쑥스러운딸기베린느 (GF) (+300원) 오페라베린느 (GF) 피넛버터쇼콜라베린느 (GF) (+300원)
4,4,프로넛 무설탕 자일리톨 캔디 레몬 선물 사탕 금연 양치 아이간식 어린이집,https://smartstore.naver.com/pronut/products/9782392925,2800,0.0,0.0,0.0,0.0,0.0,레몬 퓨어(오리지널) 복숭아 샤인머스켓 콜라 페퍼민트
5,5,꾸디 비건쿠키 (르뱅쿠키 수제쿠키),https://smartstore.naver.com/ggudi/products/5350602475,4200,0.0,0.0,0.0,1.0,0.0,쿠키 선택 coming soon ★
6,6,[쌀낭시에 5종x2개입] 비건빵 글루텐프리 쌀빵 휘낭시에 건강간식,https://smartstore.naver.com/thebreadblue/products/10524498266,27500,0.0,0.0,0.0,1.0,0.0,필수상품 없음
7,5,꾸디 이달의 비건디저트 (비건쿠키 비건빵 베이커리 웨딩임페리얼 무화과),https://smartstore.naver.com/ggudi/products/6552077533,5000,0.0,0.0,0.0,1.0,0.0,이달의 디저트 ★ coming soon ★
8,6,[통밀발효종빵 3개 세트] 속이 편안한 통밀발효종 건강 비건빵,https://smartstore.naver.com/thebreadblue/products/10058561759,22770,0.0,0.0,0.0,1.0,0.0,필수상품 없음
9,6,[발효종 순수 통밀빵 2개입 1세트] 저당빵 비건 건강 식사대용 더브레드블루,https://smartstore.naver.com/thebreadblue/products/10462893106,8690,0.0,0.0,1.0,1.0,1.0,필수상품 없음
10,7,"굿다운 1/9 저칼로리 저당 치아딸기잼, 서울어워드수상 당뇨와건강몰입점 스테비아잼 무설탕잼",https://smartstore.naver.com/grimmsbread/products/7318233551,12400,0.0,0.0,0.5,0.0,0.0,1. 저당 저칼로리 딸기잼 2. 저당 초코잼
11,8,[모닐이네하우스] 글루텐프리 100% 쌀 소금빵 5개 세트구성,https://smartstore.naver.com/monil2house/products/9108823733,15000,1.0,0.0,0.0,0.0,0.0,글루텐프리 쌀 소금빵 5개 세트
12,9,콩볼 쿠키볼 / 로키 오트밀 쿠키,https://smartstore.naver.com/rawsome/products/10774827105,4400,1.0,0.0,0.0,1.0,0.0,콩볼 GF 콩볼 현미팝 GF (+400원)
13,10,키토빵앗간 고메버터 파운드 (저당 글루텐프리 저탄수빵),https://smartstore.naver.com/ketobbang/products/5774916041,4500,1.0,1.0,0.5,0.0,0.0,바닐라빈 파운드 무화과 초코 파운드
14,11,저당 단백 모닝빵 5개입 무설탕 무밀가루 저당질 프로틴 단백질빵,https://smartstore.naver.com/ketopantry/products/8754612023,9000,0.0,0.0,0.0,0.0,0.0,키토 단백 모닝빵 5개입
15,12,수제 비건버터 쌀소금빵,https://smartstore.naver.com/dearmyqueen1553/products/8094049097,3900,1.0,0.0,0.0,1.0,0.0,필수상품 없음
16,13,[빵어니스타] 비건 쌀 빠삭쿠키 (당일 미입금 시 주문 취소),https://smartstore.naver.com/shophonesta/products/10524616367,4500,0.0,0.0,0.0,1.0,0.0,"깨 코코넛 (+500원) 오레오초코칩 (+1,000원)"
17,14,카라멜 피칸 견과 쿠키 퇴사 답례품 선물 비건쿠키,https://smartstore.naver.com/veganez/products/9899487132,5500,1.0,0.0,0.0,1.0,0.0,🍪 선택
18,14,레몬 얼그레이 수제쿠키 쌀 글루텐프리 비건쿠키,https://smartstore.naver.com/veganez/products/9899464494,5800,1.0,0.0,0.0,1.0,0.0,🍪 선택 🍪
19,2,비건 유기농 쌀 제로슈가 고구마브라우니 미앤드리 글루텐프리,https://smartstore.naver.com/meandri/products/8015455745,3800,1.0,0.0,0.0,1.0,0.0,브라우니 기본
20,6,"[구운 통밀 고로케 3개입 세트] 야채 고로케, 비건 간식, 식사대용, 구운 통밀 고로케",https://smartstore.naver.com/thebreadblue/products/10463029522,13200,1.0,0.0,0.0,1.0,0.0,야채 매콤야채
21,3,비건이레 비건 티케이크 비건빵 글루텐프리 단호박티케이크,https://smartstore.naver.com/vegan_for_sevendays/products/5604418319,3500,1.0,0.0,0.0,1.0,0.0,단호박티케이크 얼그레이레몬티케이크 쑥크럼블티케이크 쇼콜라아몬드티케이크 말차콩콩콩티케이크 감자올리브티케이크
22,15,틴베이크 플틴쿠키 저당 고단백 프로틴 단백질 월넛오리지널 쿠키 빵,https://smartstore.naver.com/teinbake/products/5754369653,4000,0.0,0.0,0.0,0.0,0.0,월넛오리지널쿠키 트리플카카오쿠키 말차화이트마카다미아 (한정)딸기치즈케이크쿠키 (+500원) (한정)황치즈케이크쿠키 (+500원)
23,16,글루텐프리 다이어트빵 쌀디저트 쌀마들렌 2개세트 할인 비건,https://smartstore.naver.com/earth-born/products/8151293245,4400,1.0,0.0,0.0,1.0,0.0,오트밀 카카오 흑임자 쑥크럼블
24,8,"[모닐이네하우스] 특허받은 레시피로 만든 무설탕, 노밀가루, 노생크림 갸또쇼콜라 시리즈",https://smartstore.naver.com/monil2house/products/8606659063,15000,1.0,0.0,0.0,0.0,0.0,오리지널 다크(무설탕) 라즈베리 다크(무설탕) 얼그레이 다크(무설탕) 치즈케이크&다크 프로마쥬(저당) 황치즈 블랑(무설탕) 쑥 블랑(무설탕) 무화과 다크(무설탕) 클래식 다크 (설탕함유버전) 키토 쇼콜라(저탄수고지방) 딥 다크 (대체당 마저 뺌!)
25,7,"굿다운 1/9저칼로리 저당 딸기잼 1kg 리필팩, 당뇨키토몰입점 스테비아잼 굿다운잼",https://smartstore.naver.com/grimmsbread/products/9418851993,45800,0.0,0.0,0.0,0.0,1.0,필수상품 없음
26,7,"그림의빵 완벽저당 전제품 맛보기 10개 세트(1/9딸기잼 포함), 당뇨와건강몰입점",https://smartstore.naver.com/grimmsbread/products/8158079418,64800,0.0,0.0,0.0,0.0,0.0,필수상품 없음
27,12,비건 글루텐프리 베이글 [호박],https://smartstore.naver.com/dearmyqueen1553/products/10408016820,4200,1.0,0.0,0.0,1.0,0.0,필수상품 없음
28,2,비건 유기농 쌀 노오일 휘낭시에 드낭시에 글루텐프리,https://smartstore.naver.com/meandri/products/8726000877,3000,1.0,0.0,0.0,1.0,0.0,드낭시에 플레인 초코 (+100원) 피칸 (+200원) 피스타치오 (+200원) 헤즐넛 (+200원)
29,6,현미 카스테라 비건빵 글루텐프리 쌀빵 디저트 건강빵,https://smartstore.naver.com/thebreadblue/products/5314431844,5390,1.0,0.0,0.0,1.0,0.0,필수상품 없음
30,14,무설탕 비건베이커리 디저트 빵 간식 흑임자 쿠키,https://smartstore.naver.com/veganez/products/9959060143,4800,1.0,0.0,0.0,1.0,0.0,🍪 선택 🍪
31,17,비건쿠키 글루텐프리 쌀 수제 건강 간식,https://smartstore.naver.com/chopcookie/products/9606521978,5200,1.0,0.0,0.0,1.0,0.0,토마토 퓨레 찹쿠키 (+200원) 트러플 다크 초코 찹쿠키 (+800원) 체다 황치즈 찹쿠키 피스타치오 초코 가나슈 찹쿠키 (+600원) 더블 에스프레소 찹쿠키 (+200원) 호지 말차 찹쿠키 (+300원) 레몬 얼그레이 찹쿠키 (+400원) 고구마 레몬 딜 찹쿠키 (+500원) 제주 말차 마카다미아 찹쿠키 (+500원) 밤꿀 오렌지 찹쿠키 (+600원) New) 메이플 피칸 찹쿠키 (+300원) 황치즈 찹스낵 (-200원) 트러플 다크초코 찹스낵 (+500원) 페퍼 앤 솔트 찹스낵 (-700원) 피스타치오 찹스낵 (+400원)
32,8,[모닐이네하우스] 수제 쌀 르뱅 쿠키 시리즈 9종 글루텐프리,https://smartstore.naver.com/monil2house/products/8623551874,3800,1.0,0.0,0.0,0.0,0.0,쑥떡찰떡 (+500원) 화이트마카다미아 (+200원) 말차화이트마카다미아 (+200원) 땅콩국희씌 르뱅 크림치즈피칸 (+500원) 초코나무숲 (+200원) 스모어
33,1,레몬 키토 머핀 저탄고지 냥빵 저탄수 빵 저당안심 식사대용 빵 무설탕 비건 키토,https://smartstore.naver.com/nyangppang/products/8303655332,4000,1.0,1.0,1.0,0.0,0.0,필수상품 없음
34,12,비건 쌀 마들렌 - 초코칩 초코,https://smartstore.naver.com/dearmyqueen1553/products/10663546111,4200,1.0,0.0,0.0,1.0,0.0,필수상품 없음
35,18,비건케이크 비건 티라미수 떠먹는 쌀케이크 글루텐프리,https://smartstore.naver.com/vegandaum/products/6144628768,24000,1.0,0.0,0.0,1.0,0.0,"비건&글루텐프리 케이크 비건 티라미수 쌀케이크 헤이즐넛 초코 티라미수 (+700원) 고구마롱(고구마+밤)케이크 (+1,200원) 초코바나나 케이크 (+700원) (시즌)얼그레이 무화과 케이크 (+2,700원) (한정) 두바이 초콜릿 케이크 (+12,000원) (시즌) 인절미 서리태 케이크 (+500원) (시즌)교토 우지 말차 티라미수) (+900원) (시즌)고흥 유자 케이크 (+1,200원)"
36,12,비건 글루텐프리 베이글 [기본맛],https://smartstore.naver.com/dearmyqueen1553/products/8197094252,4200,1.0,0.0,0.0,1.0,0.0,필수상품 없음
37,6,[동호가 만든 현미빵] 더브레드블루 비건빵 쌀빵 건강간식 저당 건강 식사대용,https://smartstore.naver.com/thebreadblue/products/10613235094,4500,1.0,0.0,1.0,1.0,0.0,필수상품 없음
38,6,[더브레드블루 저당 통밀식빵] 당1g 다이어트 샌드위치 식단 노계란 비건식빵,https://smartstore.naver.com/thebreadblue/products/10543930328,11000,0.0,0.0,1.0,1.0,0.0,저당통밀식빵
39,8,[모닐이네하우스] 치즈 여왕 노밀가루 바스크 치즈케이크 글루텐프리,https://smartstore.naver.com/monil2house/products/8606876163,14500,1.0,0.0,0.0,0.0,0.0,바닐라 바치케 초코 바치케 (+500원) 말차 바치케 (+500원) 모카 바치케 (+500원)
40,8,"[모닐이네하우스] No밀가루, 글루텐프리 수제 큐브 쌀 파운드 (2개씩) 시리즈",https://smartstore.naver.com/monil2house/products/8954469522,7200,1.0,0.0,0.0,0.0,0.0,"레몬 2개 얼그레이 2개 (+800원) 더블초코 2개 (+800원) 더블치즈 2개 (+800원) 쑥무화과 2개 (+1,000원) 호두과자 2개 (+1,000원)"
41,19,"우주 크림빵(초코, 밀크)",https://smartstore.naver.com/dduddustore/products/7641130759,6000,0.0,0.0,1.0,0.0,0.0,우주 크림빵(밀크) 우주 크림빵(초코)
42,7,"저당모닝빵4팩+저당딸기잼 1kg 리필팩 세트구성, 저칼로리잼, 100%곡물단백질, 당뇨키토",https://smartstore.naver.com/grimmsbread/products/8248603713,92600,0.0,0.5,0.5,0.0,0.0,세트구성 코코모닝빵4팩+잼1kg 야채모닝빵4개+잼1kg 코코모닝빵2팩+야채모닝빵2팩+잼1kg
43,1,카카오 큐브 대체당 냥빵 글루텐프리 대체당 노밀가루,https://smartstore.naver.com/nyangppang/products/8303689276,3600,1.0,1.0,0.0,0.0,0.0,필수상품 없음
44,20,프로틴빵 노밀가루 글루텐프리 식단관리 단백질빵 당조절 식사빵 카스테라,https://smartstore.naver.com/6-bbang/products/5242705272,5500,1.0,0.8,0.0,1.0,0.0,호두 크렌베리 모카 말차 플레인
45,6,클래식 소보로빵 비건빵 100% 건강빵 영양 간식,https://smartstore.naver.com/thebreadblue/products/8605330694,2750,0.0,0.0,0.0,1.0,0.0,필수상품 없음
46,21,매주 목요일 2pm 오픈 비건쿠키 노오일 글루텐프리 두부크림치즈,https://smartstore.naver.com/splashbakery/products/8313644614,22800,1.0,0.0,0.0,0.7,0.0,"초코 오트쿠키 (-200원) BEST 슴이쿠키 (-300원) BEST 황치즈 무설탕 두부크치 초코라즈베리 무설탕 두부크치 로투스 무설탕 두부크치 (-100원) BEST 황치즈 그래놀라꾸컵 (+3,500원) BEST 아몬드봉봉 속세저리가라쿠키 (-300원) 솔티드초코 속세저리가라쿠키 (-200원) 흑임자 속세저리가라쿠키 (+100원) BEST 오트쿠키 (-400원)"
47,6,[클래식 단팥빵 5개 세트] 비건빵 100% 건강빵 영양 간식 더브레드블루,https://smartstore.naver.com/thebreadblue/products/10437959557,13750,0.0,0.0,0.0,1.0,0.0,필수상품 없음
48,3,비건이레 비건빵 글루텐프리 홀파운드케이크 쑥무화과파운드,https://smartstore.naver.com/vegan_for_sevendays/products/5493037223,25000,1.0,0.0,0.0,1.0,0.0,비건이레 비건파운드 쑥무화과파운드 인절미흑임자파운드 얼그레이유자파운드 말차쇼콜라파운드 가을밤파운드
49,6,[더브레드블루 간식빵 6종 맛보기 세트] 비건빵 100% 건강빵 생일선물,https://smartstore.naver.com/thebreadblue/products/10498310126,28100,0.0,0.0,0.0,1.0,0.0,필수상품 없음
50,15,틴베이크 플틴스콘 수제 고단백 프로틴 통밀빵 단백질 플레인 스콘,https://smartstore.naver.com/teinbake/products/6206497546,3000,0.0,0.0,0.0,0.0,0.0,플레인스콘 더블초코스콘 (+200원) 황치즈스콘 (+200원) 바닐라르뱅스콘 (+200원) 말차초코샌드스콘 (+400원) (한정)딸기초코샌드스콘 (+400원) (한정)고구마콕스콘 (+400원)
51,16,두부 쌀 베이글,https://smartstore.naver.com/earth-born/products/9988173082,3900,1.0,0.0,1.0,1.0,0.0,기본 쌀 베이글 밤 베이글 변경 (+600원)
52,14,비건 이지 뉴초콜렛칩 쿠키 노밀가루 쌀 글루텐프리 비건쿠키,https://smartstore.naver.com/veganez/products/10464483924,5400,1.0,0.0,0.0,1.0,0.0,🍪 선택
53,11,당류 0g 저당 마들렌 무설탕 무밀가루 고식이섬유 식단 간식 디저,https://smartstore.naver.com/ketopantry/products/10282880886,3300,0.0,0.0,0.0,0.0,0.0,바닐라 마들렌 그린티 마들렌 (+200원) 초콜릿 마들렌 (+200원) 레몬 마들렌 (+200원) 흑임자 마들렌 (+200원)
54,8,"[모닐이네하우스] 수제 쌀 스콘 시리즈 글루텐프리, NO 에그",https://smartstore.naver.com/monil2house/products/8644062785,4000,1.0,0.0,0.0,0.0,0.0,고메 스콘 (노에그) 애플 (노에그) 얼그레이 무화과 (노에그) 초코칩 (노에그)
55,22,[포포브레드] 비건 비스코티 초코 아몬드 / 쌀 디저트 글루텐프리 노밀가루 베이커리,https://smartstore.naver.com/forfourbread/products/9780373383,4000,1.0,0.0,0.0,1.0,0.0,초아헤 비스코티
56,2,비건 유기농 쌀 프로틴 쿠콘 4종 (쿠키 + 스콘) 글루텐프리,https://smartstore.naver.com/meandri/products/10054409375,3900,1.0,0.0,0.0,1.0,0.0,스퀘어쿠콘 곤드레들깨 단호박 말차초코 쑥크렌베리
57,12,비건 쌀 마들렌 - 아마레또 커피,https://smartstore.naver.com/dearmyqueen1553/products/10663549774,4200,1.0,0.0,0.0,1.0,0.0,필수상품 없음
58,23,메종드비건스콘,https://smartstore.naver.com/maison_de_vegan/products/4780918604,3500,1.0,0.0,0.0,1.0,0.0,플레인스콘 (-500원) 메이플무화과스콘 깻잎스콘
59,6,로투스 비스코프 비건케이크 더브레드블루 (No 계란 우유 버터),https://smartstore.naver.com/thebreadblue/products/8215949572,39000,0.0,0.0,0.0,1.0,0.0,필수상품 없음
60,14,저당 건강 간식 시나몬두 아몬드 호두 하루 견과류 쿠키 글루텐프리 디저트,https://smartstore.naver.com/veganez/products/9911908862,5600,1.0,0.0,0.0,1.0,0.0,🍪 선택 🍪
61,22,[포포브레드] 애플베리 크럼블 / 쌀 디저트 글루텐프리 노밀가루 비건 베이커리,https://smartstore.naver.com/forfourbread/products/5416047304,5500,1.0,0.0,0.0,1.0,0.0,애플베리 크럼블
62,12,미니 발로나 초코 브라우니,https://smartstore.naver.com/dearmyqueen1553/products/9975947397,3900,1.0,0.0,0.0,1.0,0.0,필수상품 없음
63,8,"[모닐이네하우스] 특허받은 레시피, 콩으로 만든 무설탕 노생크림 키쇼(키토 쇼콜라)",https://smartstore.naver.com/monil2house/products/8606334927,5600,1.0,0.0,0.0,0.0,0.0,얼그레이(무설탕) 말차(무설탕) 몽블랑(무설탕) (+300원) 헤이즐넛다크(무설탕) (+300원) 라즈베리다크(무설탕) (+300원) 딸기(저당/겨울한정) 티라미수(무설탕/디카페인) (+300원) 피넛버터&다크(무설탕) (+300원) 딥다크(무설탕) (+300원) 바닐라(무설탕) (+300원) 다크(무설탕)
64,24,노밀가루 국산 쌀가루 글루텐프리 휘낭시에,https://smartstore.naver.com/b__ethel/products/10159951916,2500,1.0,0.0,0.0,0.0,0.0,고메(기본) 무화과크림치즈 (+400원) 아몬드크로칸트 (+400원) 발로나 (+400원) 눈에띄네 (+400원) 고구마앙 (+400원) 레밍턴 (+600원) 솔티초코 (+200원) 황치즈 (+600원) 모카 (+400원) 화이트헤이즐넛 (+600원) 감자치즈 (+800원) 마약옥수수 (+400원) 헤이즐넛 누텔라 (+900원) 몽쉐르 (+900원) 땅콩버터크림 (+900원) 솔티카라멜 (+400원) 레몬얼그레이 (+400원)
65,2,비건 유기농 쌀 & 완두단백 & 제로슈가 프로틴볼 글루텐프리,https://smartstore.naver.com/meandri/products/8725650510,5000,1.0,0.0,0.0,1.0,0.0,꼬소소 호두헴프
66,6,[통밀식빵2개+아침한톨 땅콩초코맛 스프레드1개 세트 ] 땅콩잼 더브레드블루X푸로운,https://smartstore.naver.com/thebreadblue/products/10607885526,33000,1.0,1.0,1.0,1.0,0.0,필수상품 없음
67,23,메종드비건 홀파운드케이크,https://smartstore.naver.com/maison_de_vegan/products/4788638756,25000,1.0,0.0,0.0,1.0,0.0,쑥무화과홀파운드케이크 단호박홀파운드케이크 제주말차홀파운드케이크 바닐라빈홀파운드케이크 바닐라모카홀파운드케이크 얼그레이캬라멜홀파운드케이크 유자오렌지홀파운드케이크 바닐라초코홀파운드케이크
68,4,프로넛 프로틴 오븐에 구운 도넛 카카오 밀가루없는 단백질 빵 식사대용 건강한 간식 글루텐프,https://smartstore.naver.com/pronut/products/5874026105,3900,1.0,1.0,0.0,0.0,0.0,카카오(더블카카오몬스터) 녹차(녹차품은카카오) 스트로베리향요거트(요거트베리굿) 얼그레이(아이러브얼그레이) 초코바나나(초코한테바나나) 블루베리향치즈케이크(블베치)
69,7,"(1병+1병) 그림의빵 굿다운 1/9 저칼로리 저당 치아딸기잼, 서울어워드수상 당뇨와건강몰",https://smartstore.naver.com/grimmsbread/products/8590293765,24800,0.0,0.0,0.0,0.0,1.0,필수상품 없음
70,20,노밀가루 프로틴 식빵 식단조절빵 식사빵 큐브식빵,https://smartstore.naver.com/6-bbang/products/5554269016,4700,1.0,0.4444444444444444,0.0,1.0,0.0,큐브식빵 플레인 블루베리 (+200원) 밤 (+300원) 바질치즈 (+500원) 올리브치즈 (+500원) 먹물치즈 (+600원) 애플시나몬 (+300원) 밤팥 (+600원)
71,8,[모닐이네하우스] 수능 시험 합격 기원 쌀 디저트 특별 종합 선물세트 응원,https://smartstore.naver.com/monil2house/products/8671269188,26800,1.0,0.0,0.0,0.0,0.0,스티커 멘트(수능여부) 수능o(수능문구) 수능x(시험응원) 졸업축하
72,25,플레인 프프쿠키 프로틴빵 고단백 수제 글루텐프리 non-gmo,https://smartstore.naver.com/f_nergy/products/6643631916,3500,0.0,0.0,0.0,0.0,0.0,플레인 황치즈 (+300원) 흑임자 (+100원) 초코 (+200원)
73,14,초코 부에노 저당 간식 비건쿠키,https://smartstore.naver.com/veganez/products/9899516906,5400,1.0,0.0,0.0,1.0,0.0,🍪 선택
74,11,무설탕 프로틴 수제 키토 그래놀라 4종 270g 당일 로스팅,https://smartstore.naver.com/ketopantry/products/7347002964,13000,0.0,1.0,1.0,0.0,0.0,"시그니처 270g 트리플 초콜릿 270g (+1,200원) 디카페인 에스프레소 270g (+1,200원) 피넛버터 270g (+1,200원)"
75,14,무설탕 비건이지 현미 쌀 크런치 크럼블 크럼볼,https://smartstore.naver.com/veganez/products/10254446850,4800,1.0,0.0,0.0,1.0,0.0,🍪 선택 🍪
76,6,[달콤 통밀 크럼블] 더브레드블루 비건빵 건강간식 통밀 건강 식사대용,https://smartstore.naver.com/thebreadblue/products/10612945426,6000,0.0,0.0,0.0,1.0,0.0,필수상품 없음
77,6,[프랑스 바게트] 더브레드블루 비건빵 건강간식 저당 건강 식사대용,https://smartstore.naver.com/thebreadblue/products/10638101379,3300,0.0,0.0,1.0,1.0,1.0,필수상품 없음
78,6,약과 쿠키 영양 간식 건강 디저트,https://smartstore.naver.com/thebreadblue/products/8535025982,4900,0.0,0.0,0.0,1.0,0.0,필수상품 없음
79,6,[매콤한 올리브 치아바타] 저당빵 비건 치아바타 샌드위치빵,https://smartstore.naver.com/thebreadblue/products/10217253433,5390,0.0,0.0,1.0,1.0,0.0,필수상품 없음
80,20,프로틴 오트밀 초코칩쿠키 5개 식단조절 간식 무설탕 쿠키,https://smartstore.naver.com/6-bbang/products/5399511173,5800,1.0,1.0,0.0,1.0,0.0,5개묶음포장
81,23,메종드비건 머핀,https://smartstore.naver.com/maison_de_vegan/products/8166635657,3500,0.0,0.0,0.0,1.0,0.0,단호박옥수수머핀 쇼콜라초코칩머핀 바닐라빈머핀 제주말차초코칩머핀
82,11,"저당 단백질 식빵 플레인 당류 0.1g 무설탕, 무밀가루 식단빵 건강빵",https://smartstore.naver.com/ketopantry/products/7330143587,7400,0.0,1.0,0.6666666666666666,1.0,0.0,"키토식빵 플레인 키토식빵 올리브 (+500원) 키토식빵 무화과호두 (+1,000원)"
83,26,글루텐프리빵 저당간식 아몬드가루빵 카스테라 파운드 - 크림치즈,https://smartstore.naver.com/humming_pound/products/5469177664,4800,1.0,0.75,1.0,0.0,0.0,크림치즈 레몬커드 단호박쑥 캐러멜호두
84,6,[더브레드블루 벨기에 초콜릿 비건케이크 1호] 생일 케이크 디저트(No우유계란버터),https://smartstore.naver.com/thebreadblue/products/10707527718,37000,0.0,0.0,0.0,1.0,0.0,필수상품 없음
85,20,프로틴스콘 노밀가루 노설탕 식단조절 간식 스콘,https://smartstore.naver.com/6-bbang/products/5374954271,4900,1.0,0.5,0.0,1.0,0.0,스콘종류 카카오커피
86,14,얼그레이 초코볼 볼쿠키 비건쿠키 저당 글루텐프리,https://smartstore.naver.com/veganez/products/9899451546,5600,1.0,0.0,0.0,1.0,0.0,🍪 선택
87,12,돌체 로미아스 쿠키,https://smartstore.naver.com/dearmyqueen1553/products/9313586200,19000,1.0,0.0,0.0,1.0,0.0,필수상품 없음
88,23,메종드비건 큐브,https://smartstore.naver.com/maison_de_vegan/products/4781005919,3500,1.0,0.0,0.0,1.0,0.0,쑥인절미큐브
89,27,달롤 X 망넛이네 콜라보 행사,https://smartstore.naver.com/mangnut2/products/4652520969,4100,1.0,0.0,0.0,1.0,0.0,다크초코칩 찹싸루니 녹차품은다크 찹싸루니 블랙카카오 찹싸루니 블랙얼그레이 찹싸루니 시나몬 찹싸루니 황치즈 찹싸루니 (+100원) 땅콩 찹싸루니 (+100원)
90,22,[포포브레드] 비건 버터바 호지차 / 쌀 디저트 글루텐프리 노밀가루 베이커리,https://smartstore.naver.com/forfourbread/products/8865108709,5300,1.0,0.0,0.0,1.0,0.0,플레인 버터바 호지차 버터바 (+300원)
91,8,[모닐이네하우스] 가장 핫하다는 쫀득쫀득 버터바 글루텐프리,https://smartstore.naver.com/monil2house/products/8607215430,3800,1.0,0.0,0.0,0.0,0.0,헤이즐넛 버터바 황치즈 버터바 (+200원) 말차 버터바 얼그레이 버터바
92,6,클래식 단팥빵 비건빵 100% 건강빵 영양 간식 더브레드블루,https://smartstore.naver.com/thebreadblue/products/8605319670,2750,0.0,0.0,0.0,1.0,0.0,필수상품 없음
93,22,[포포브레드] 쌀식빵 포식이 / 저염 비건 빵 노밀가루 빵집 베이커리,https://smartstore.naver.com/forfourbread/products/5268447692,7000,1.0,0.0,0.0,1.0,0.0,"포식이 곡식이 (+1,000원) 밤식이 (+1,500원) 흑식이 (+500원)"
94,14,크런치 오트밀 무설탕 그래놀라 비건디저트,https://smartstore.naver.com/veganez/products/9899546658,4800,1.0,0.0,0.0,1.0,0.0,🍪 선택
95,8,"[모닐이네하우스] 특허 레시피로 만든 무설탕, 글루텐프리 2단 초콜릿 케이크 DIY키트",https://smartstore.naver.com/monil2house/products/8606793020,29500,1.0,0.0,0.0,0.0,0.0,다크(무설탕) 얼그레이(무설탕) 말차(무설탕) 몽블랑(무설탕) 헤이즐넛 다크(무설탕) 라즈베리 다크(무설탕) 티라미수(무설탕/디카페인)
96,6,[치아바타 3종+아침한톨 땅콩초코맛 스프레드1개 세트 ] 땅콩잼 더브레드블루X푸로운,https://smartstore.naver.com/thebreadblue/products/10607873147,28000,0.0,1.0,1.0,1.0,0.0,필수상품 없음
97,7,"그림의빵 88kcal 저당 고단백 휘낭시에 12입, 당류0.3g 당뇨와건강몰입점 디저트",https://smartstore.naver.com/grimmsbread/products/8248643626,48900,0.0,0.4,0.4,0.0,0.0,구성1 구성2 구성3 라즈베리 초코 그낭시에 4개 패션코코넛 그낭시에 4개
98,6,[밤식빵] 식사대용 비건 건강 통밤 소화잘되는 더브레드블루 (280g),https://smartstore.naver.com/thebreadblue/products/10573316986,6500,0.0,0.0,0.0,1.0,0.0,필수상품 없음
99,14,비건베이커리 초당옥수수 수제쿠키 쌀빵 저당 비건쿠키,https://smartstore.naver.com/veganez/products/9899467660,5200,1.0,0.0,0.0,1.0,0.0,🍪 선택 🍪
100,28,💖 비건빵빵이네 빵 택배 마켓 💖,https://smartstore.naver.com/bbang_vegan/products/7763736400,7200,1.0,0.0,0.0,1.0,0.0,"한정수량) 흑임자 꾸먹콘 (+2,300원) 납작이) 얼그레이 초코칩스콘키 (-2,700원) 납작이) 트리플 초코 스콘키 (-2,300원) 납작이) 순수 말차 스콘키 (-1,600원) 납작이) 말차 킷캣 스콘키 (-2,100원) 납작이) 카라멜 팝콘 스콘키 (-2,000원) 납작이) 논초 솔티드 스콘키 (-2,600원) NEW)얼그레이 초코칩 스콘키 (-2,700원) 트리플 초코 스콘키 (-2,300원) 카라멜 팝콘 스콘키 (-2,000원) 말차 킷캣 스콘키 (-2,100원) NEW)블랙 저당 크럼블 (-3,400원) 대용량)블랙 저당 크럼블 (+400원) NEW) 야채 크래커맛 저당 크럼블 (-3,000원) 대용량) 야채 크래커맛 저당 크럼블 (+800원) 저당 크럼블(플레인) (-3,200원) 대용량) 저당 크럼블(플레인) (+800원) 1. 플레인 - 호두과자 찹쌀파이 (-2,900원) 2. 쑥 - 호두과자 찹쌀파이 (-2,800원) 3. 흑임자 - 호두과자 찹쌀파이 (-2,800원) 4. 인절미 - 호두과자 찹쌀파이 (-2,700원) 5. 쑥절미 - 호두과자 찹쌀파이 (-2,700원) 1. 플레인 - 논넛츠 찹쌀파이 (-3,000원) 2. 쑥 - 논넛츠 찹쌀파이 (-2,900원) 3. 흑임자 - 논넛츠 찹쌀파이 (-2,900원) 4. 인절미- 논넛츠 찹쌀파이 (-2,800원) 5. 쑥절미 - 논넛츠 찹쌀파이 (-2,800원)"
101,22,[포포브레드] 스콘 3종 / 쌀 디저트 글루텐프리 노밀가루 비건 베이커리,https://smartstore.naver.com/forfourbread/products/5268965054,4000,1.0,0.0,0.0,1.0,0.0,포포 스콘 쑥떡 스콘 (+300원)
102,11,순수 알룰로스 분말 100% 0Kcal 대체 감미료,https://smartstore.naver.com/ketopantry/products/8814097738,9800,0.0,0.0,1.0,1.0,1.0,알룰로스 100% 분말 350g
103,7,"그림의빵 저당 고단백 라즈베리 초코 그낭시에 8입, 당뇨와건강몰입점 디저트 휘낭시에",https://smartstore.naver.com/grimmsbread/products/7323606465,32600,0.0,0.5,0.5,0.0,0.0,구성1 구성2 라즈베리 초코 그낭시에 4개 패션코코넛 그낭시에 4개
104,18,초코 브라우니 쿠키 비건디저트 꾸덕바 무설탕 글루텐프리,https://smartstore.naver.com/vegandaum/products/5618022106,3000,1.0,0.0,0.0,1.0,0.0,비건&글루텐프리&무설탕 초코 꾸덕바 초코 촉촉바(호두) (+100원)
105,29,에이사 비건 버터 꾸덕바 버터바 글루텐프리 약과버터바 말차버터바 저오일 저당 저칼로리,https://smartstore.naver.com/asa_veganclass/products/6147490742,4800,0.6666666666666666,0.0,0.0,0.0,0.0,"비건 버터꾸덕바 얼그레이 밀크티 약과 콤보 (+200원) 딥말차 오레오 보늬밤 & 호지차 (+1,000원) 피스타치오 (+200원)"
106,12,비정제원당으로 만든 쌀 수제쿠키 선물세트 비건 당뇨간식,https://smartstore.naver.com/dearmyqueen1553/products/8933834196,10000,1.0,0.0,0.0,1.0,0.0,쑥팥 얼그레이 무화과 오렌지 유자 헤이즐넛 커피 살구&코코넛 카라멜 넛츠 발로나초코 라즈베리
107,23,메종드비건 그래놀라,https://smartstore.naver.com/maison_de_vegan/products/5500901251,22000,1.0,0.0,0.0,1.0,0.0,"솔트캬라멜小(220g) (-10,000원) 솔트캬라멜大(660g) (+11,000원) 피넛버터그래놀라小(220g) (-10,000원) 피넛버터그래놀라大(660g) (+11,000원) 트로피칼캬라멜그래놀라小(220g) (-10,000원) 트로피칼캬라멜그래놀라大(660g) (+11,000원) 그래놀라小x2 선물세트 (+3,000원) 플레인그래놀라小(220g) (-10,000원) 플레인그래놀라大(660g) (+11,000원) 에스프레소그래놀라小(220g) (-10,000원) 에스프레소그래놀라大(660g) (+11,000원) 쑥무화과그래놀라小(220g) (-10,000원) 쑥무화과그래놀라大(660g) (+11,000원) 얼그레이그래놀라小(220g) (-10,000원) 얼그레이그래놀라大(660g) (+11,000원) 쇼콜라그래놀라小(220g) (-10,000원) 쇼콜라그래놀라大(660g) (+11,000원) 인절미그래놀라小(220g) (-10,000원) 인절미그래놀라大(660g) (+11,000원)"
108,6,[더브레드블루 생크림 비건케이크 1호] 순식물성 생일 케이크 디저트(No 우유계란버터),https://smartstore.naver.com/thebreadblue/products/10707546419,37000,0.0,0.0,0.0,1.0,0.0,필수상품 없음
109,6,[통밀 어니언 베이글] 더브레드블루 비건빵 건강빵 건강간식 저요오드식,https://smartstore.naver.com/thebreadblue/products/10638031009,6000,0.0,0.0,0.0,1.0,1.0,필수상품 없음
110,25,네플스콘 프로틴빵 플레인 고단백 수제 글루텐프리스콘 골라담기,https://smartstore.naver.com/f_nergy/products/7553645822,5100,0.0,0.0,0.0,0.0,0.0,플레인 코코넛밀크 (+200원) 쑥 (+100원) 무화과얼그레이 (+300원) 황치즈 (+300원)
111,7,"그림의빵 고단백 저당 크림빵 9개,100%곡물단백 당뇨와건강몰입점",https://smartstore.naver.com/grimmsbread/products/8248624953,49500,0.0,0.5714285714285714,0.5714285714285714,0.0,0.0,구성1 구성2 구성3 딸기맛 3개 우유 3개 초코 3개 흑임자 3개
112,19,"우주 크림빵[밀크, 초코][10개입]",https://smartstore.naver.com/dduddustore/products/10499656249,54000,0.0,0.0,1.0,0.0,0.0,우주 크림빵(밀크)(10개입) 우주 크림빵(초코)(10개입)
113,22,[포포브레드] 쌀 소금빵 치즈 / 시오빵 비건 노밀가루 빵 빵집 베이커리,https://smartstore.naver.com/forfourbread/products/8251867816,4000,1.0,0.0,0.0,1.0,0.0,쌀소금빵 치즈 쌀소금빵 (+500원)
114,6,[소소한 소금빵 10개 세트] 비건빵 100% 건강빵 간식,https://smartstore.naver.com/thebreadblue/products/10471607904,27500,0.0,0.0,0.0,1.0,0.0,필수상품 없음
115,6,[호두 깜빠뉴] 더브레드블루 비건빵 건강간식 저당 건강 식사대용,https://smartstore.naver.com/thebreadblue/products/10638548817,9900,0.0,0.0,1.0,1.0,0.0,필수상품 없음
116,14,시나몬 레이즌 건포도 초코칩 비건쿠키,https://smartstore.naver.com/veganez/products/9899492895,5600,1.0,0.0,0.0,1.0,0.0,🍪 선택 🍪
117,12,토스트 다이어트 비건 쌀 구름식빵 샌드위치 식사대용 발효빵 미니빵,https://smartstore.naver.com/dearmyqueen1553/products/8127101482,9500,1.0,0.0,0.0,1.0,0.0,식빵 종류 구름식빵 꼬소구름식빵 (+700원) 베리구름식빵 (+500원)
118,11,"저당 고단백질 햄치즈롤 무설탕, 무밀가루 식단빵 건강빵",https://smartstore.naver.com/ketopantry/products/10617429903,5000,0.0,0.0,0.0,0.0,0.0,저당 햄치츠롤
119,10,키토빵앗간 휘낭시에 (저당 글루텐프리 저탄수빵),https://smartstore.naver.com/ketobbang/products/5621391775,2400,1.0,0.0,0.9230769230769231,0.0,0.0,플레인 (BEST) 솔티드 캐러멜 (+200원) (BEST) 무화과 크림치즈 (+400원) 말차 (+200원) 카카오 (+200원) 얼그레이 (+200원) (BEST) 커피칸 (+400원) 페레로 (+400원) (BEST) 애플 크럼블 (+400원) 가나슈 (+200원) 미니 붕어빵 (+200원) 코코넛 (+200원) 마늘빵 (+400원)
120,5,"꾸디 비건 크럼블 4종(단짠마약옥수수, 쑥스러운찰떡, 단호하지않은단호박, 딥초코꾸덕)",https://smartstore.naver.com/ggudi/products/5265056145,5600,0.0,0.0,0.0,1.0,0.0,크럼블 선택 coming soon ★
121,12,올리브 쌀 치아바타,https://smartstore.naver.com/dearmyqueen1553/products/8089026511,5500,1.0,0.0,0.0,1.0,0.0,필수상품 없음
122,6,"[구운 통밀 고로케 6개입 세트] 야채 고로케, 비건 간식, 식사대용",https://smartstore.naver.com/thebreadblue/products/10472067235,26400,0.0,0.0,0.0,1.0,0.0,야채 매콤야채
123,13,[빵어니스타] 비건 라미쿠키 개별 구매 페이지 (당일 미입금 시 주문 취소),https://smartstore.naver.com/shophonesta/products/6130615730,5800,0.0,0.0,0.0,1.0,0.0,"넛츠(초코칩X) 흑임자 (-300원) 쑥 (-300원) 단호박 (+100원) 모카(초코칩X) 피칸(초코칩X) (+1,400원) 황치즈(초코칩X) (+500원) 오레오(초코칩X) (+500원) 얼그레이(초코칩X) (-100원) 피넛버터(초코칩X) (+400원) 바닐라빈(초코칩X) (+900원)"
124,6,올리브쌀 치아바타 비건빵 100% 쌀빵 건강빵 더브레드블루,https://smartstore.naver.com/thebreadblue/products/5314453883,4900,0.0,0.0,1.0,1.0,1.0,매콤올리브 치아바타 감자 치아바타 시금치 치아바타
125,12,비건버터 쌀식빵,https://smartstore.naver.com/dearmyqueen1553/products/9022144231,11500,1.0,0.0,0.0,1.0,0.0,필수상품 없음
126,30,비건 글루텐 프리 마들렌 8종 (2P),https://smartstore.naver.com/gouterbakery/products/8015684149,3600,0.0,0.0,0.0,1.0,0.0,다크초코 얼그레이 에스프레소 제주유자 제주말차 단호박
127,3,비건 스콘 비건빵 팥이랑밤이레스콘,https://smartstore.naver.com/vegan_for_sevendays/products/5487644794,3800,1.0,0.0,0.0,1.0,0.0,비건이레 비건스콘 팥이랑밤이레스콘 메이플무화과스콘 (-300원) 썸머스콘 (-100원) 쑥아몬드스콘 (-300원) 라임통밀스콘 (-300원) 애플시나몬스콘 (-300원) 더블쇼콜라스콘 (-300원) 블랙스콘 (-300원) 코코넛크랜베리스콘 (-300원) 베리베리쨈스콘 (-100원) 쪽파스콘 (-300원)
128,6,[호밀100] 더브레드블루 비건빵 건강간식 저당 건강 식사대용,https://smartstore.naver.com/thebreadblue/products/10638521377,15000,1.0,0.0,1.0,1.0,1.0,필수상품 없음
129,3,비건이레 수제 비건 쿠키 얼그레이오망아메리칸쿠키,https://smartstore.naver.com/vegan_for_sevendays/products/5954319644,3500,1.0,0.0,0.0,1.0,0.0,얼그레이오망아메리칸쿠키 오리지널아메리칸쿠키 쑥피넛아메리칸쿠키 헤이즐넛아메리칸쿠키 베리마카다미아아메리칸쿠키 쇼콜라스모어쿠키 얼그레이레몬스모어쿠키 쑥쑥스모어쿠키 유자스모어쿠키 베리스모어쿠키 제주말차스모어쿠키 모카라떼스모어쿠키 흑임자오레오스모어쿠키
130,31,"글루텐프리 무설탕케이크 [알룰로스,에리스리톨사용]",https://smartstore.naver.com/xake/products/9883771718,12000,1.0,0.0,0.0,0.0,0.0,"오리지널 흑임자 (+1,000원) 얼그레이 (+1,000원) 초코 (+1,500원) 호두당근 (+2,000원)"
131,22,[포포브레드] 조각 호두파이 / 쌀 디저트 글루텐프리 노밀가루 비건 베이커리,https://smartstore.naver.com/forfourbread/products/8127086196,5500,1.0,0.0,0.0,1.0,0.0,호두파이
132,26,저당빵 글루텐프리 촉촉한 생크림 스콘 아몬드가루빵,https://smartstore.naver.com/humming_pound/products/6623648345,4500,1.0,1.0,1.0,0.0,0.0,필수상품 없음
133,22,[포포브레드] 쌀깜빠뉴 4종 / 무설탕 저염 천연발효종 비건 빵 베이커리,https://smartstore.naver.com/forfourbread/products/5268719698,7500,1.0,0.0,0.0,1.0,0.0,"쌀깜빠뉴 고소한끼 쌀깜빠뉴 (+1,000원) 무화과 쌀깜빠뉴 (+700원) 치즈 쌀깜빠뉴 (+1,000원)"
134,12,비건 아메리칸 쿠키 2종,https://smartstore.naver.com/dearmyqueen1553/products/8723454443,11700,1.0,0.0,0.0,1.0,0.0,쿠키 맛 초코 피칸 녹차 마카다미아
135,6,오트 크림빵 비건빵 100% 귀리 건강 간식,https://smartstore.naver.com/thebreadblue/products/7888358928,5390,0.0,0.0,0.0,1.0,0.0,오리지널 초코
136,12,비건 글루텐프리 베이글 [쑥],https://smartstore.naver.com/dearmyqueen1553/products/10408024042,4200,1.0,0.0,0.0,1.0,0.0,필수상품 없음
137,15,틴베이크 프로틴 단백질 플틴 바나나 파운드 케이크 식사 식단 빵,https://smartstore.naver.com/teinbake/products/8698425868,4000,0.0,0.0,0.0,0.0,0.0,바나나파운드 고구마파운드 쑥파운드 제주밤호박파운드
138,8,[모닐이네하우스] 순삭각 쌀 샤브레 쿠키 4종 글루텐프리,https://smartstore.naver.com/monil2house/products/8606908056,4500,1.0,0.0,0.0,0.0,0.0,초코(8개입) 쑥(8개입) 카라멜호두(8개입) 까망베르치즈(8개입)
139,6,소소한 소금빵 비건빵 100% 건강빵 간식,https://smartstore.naver.com/thebreadblue/products/7048770140,2750,0.0,0.0,0.0,1.0,0.0,필수상품 없음
140,14,저당 비건 글루텐프리 간식 피넛버터 쿠키,https://smartstore.naver.com/veganez/products/9954247586,5200,1.0,0.0,0.0,1.0,0.0,🍪 선택 🍪
141,14,저당 간식 쿠키 피넛 초코칩 땅콩쿠키,https://smartstore.naver.com/veganez/products/9931974653,5200,1.0,0.0,0.0,1.0,0.0,🍪 선택 🍪
142,10,키토빵앗간 쿠키 (저당 글루텐프리 저탄수빵),https://smartstore.naver.com/ketobbang/products/6112318422,4300,1.0,0.0,0.75,0.0,0.0,피칸 초코칩 쿠키 말차 마카다미아 화이트초코칩 쿠키 얼그레이 무화과 크림치즈 쿠키 비건 오트밀 쿠키
143,32,단백질 디저트 빵떡집 글루텐프리 단백질빵 빵떡이,https://smartstore.naver.com/bbangttuk_house/products/10266867757,9900,1.0,0.0,0.0,0.0,0.0,"맛보기 6구/BEST 3구 맛보기 6구(모든맛) (+9,000원) BEST 3구(솔티카라멜 초코 고구마)"
144,14,땅콩이 피칸 볼 쿠키 비건쿠키 글루텐프리 저당 간식,https://smartstore.naver.com/veganez/products/9899459424,5700,1.0,0.0,0.0,1.0,0.0,🍪
145,2,비건 유기농 쌀 미니 치즈케이크 5종 글루텐프리,https://smartstore.naver.com/meandri/products/10055747167,4600,1.0,0.0,0.0,1.0,0.0,치케컵 단호팥 흑임자깨 쑥녹밤 얼라즈 체리베리
146,33,"[쌀쿠키 답례품🕊] 결혼식답례품, 회사간식, 승진선물, 퇴사선물, 기업행사답례 수제간식",https://smartstore.naver.com/bbangmiso/products/9924956510,5000,1.0,0.0,0.0,0.0,0.0,쌀브레쿠키 3가지 맛 구성 4가지 맛 구성 (+500원)
147,22,[포포브레드] 선물 꾸러미 세트 / 선물 세트 비건 빵 베이커리,https://smartstore.naver.com/forfourbread/products/6574531190,40000,1.0,0.0,0.0,1.0,0.0,"삼삼한 꾸러미 세트 포포 꾸러미 세트 (+10,000원)"
148,8,"[모닐이네하우스] 쌀로 만든 츄러스 (글루텐프리, 설탕함유 or 무설탕 선택가능)",https://smartstore.naver.com/monil2house/products/9935315681,8700,1.0,0.0,0.0,0.0,0.0,설탕함유버전 무설탕버전
149,8,"[모닐이네하우스] 무설탕, 콩으로 만든 키쇼 (3종) 선물세트",https://smartstore.naver.com/monil2house/products/8877396301,17500,,,,,,
150,19,호박 케이크 무설탕 무밀가루 글루텐프리 난각번호1번 저당,https://smartstore.naver.com/dduddustore/products/5628681133,4500,1.0,1.0,1.0,0.0,0.0,호박 케이크
151,14,저당간식 비건베이커리 글루텐프리 아몬드 쿠키,https://smartstore.naver.com/veganez/products/10088851664,5000,1.0,0.0,0.0,1.0,0.0,🍪
152,16,글루텐프리 다이어트빵 쌀디저트 찹쌀휘낭시에 2개 세트 비건 구움과자 선물 바닐라 카카오,https://smartstore.naver.com/earth-born/products/7862724112,5000,1.0,0.0,0.0,1.0,0.0,바닐라 카카오
153,8,[모닐이네하우스] 🌾 100% 글루텐프리 쌀로 만든 베이글 (비건/GF),https://smartstore.naver.com/monil2house/products/8866615221,3600,1.0,0.0,0.0,1.0,0.0,플레인 (글루텐프리/비건) 치즈(글루텐프리) (+300원) 앙버터(글루텐프리) (+800원) 올리브(글루텐프리/비건) (+200원)
154,15,틴베이크 통밀 단백질 프로틴 베이글 식사 식단 아침 빵,https://smartstore.naver.com/teinbake/products/9809774432,3600,0.0,0.0,0.0,1.0,0.0,오리지널 베이글 블루베리 베이글 (+200원) 올리브베이글 (+200원) (한정)소보로베이글 (+500원) (한정)제주밤호박베이글 (+500원)
155,26,글루텐프리 휘낭시에 저당 디저트 휘낭시에맛집 - 2개입,https://smartstore.naver.com/humming_pound/products/5935853081,5600,1.0,0.5,1.0,0.0,0.0,피칸초코 먹물치즈
156,14,저당간식 크런치 초코볼 비건쿠키 글루텐프리,https://smartstore.naver.com/veganez/products/10098072778,5800,1.0,0.0,0.0,1.0,0.0,🍪
157,23,메종드비건 마들렌,https://smartstore.naver.com/maison_de_vegan/products/4781168927,1500,1.0,0.0,0.0,1.0,0.0,제주유자 얼그레이 제주말차
158,7,그림의빵 저당모닝빵4팩+저당딸기잼 1kg 리필팩+그낭시에4개 세트,https://smartstore.naver.com/grimmsbread/products/8064098289,108900,0.0,0.0,0.0,0.0,0.25,저칼로리 저당 딸기잼 1kg 저당안심 모닝빵 저당 그낭시에 딸기잼1kg
159,9,로브레 / 비건 사브레 쌀비스킷,https://smartstore.naver.com/rawsome/products/6317193762,4400,1.0,0.23529411764705882,0.0,1.0,0.0,"로브레 초코칩로브레 (+400원) 모카로브레 (+400원) 말차로브레 (+400원) 말차초코칩로브레 (+600원) 초코로브레 (+400원) 피스타치오로브레 (+1,400원) 단호박로브레 (+400원) 코코넛모카로브레 (+600원) 황치즈로브레(논비건) (+400원) 깨소미로브레 (+1,100원) 츄러스로브레 (+400원) 고구마로브레 (+400원) 호지로브레 (+800원) 퍼핑로브레 (+400원) 소금로브레 (+400원) 바밤바로브레 (+800원)"
160,30,"구떼 글루텐프리, 오일프리 리얼 퍼지 브라우니",https://smartstore.naver.com/gouterbakery/products/10015767427,20000,0.0,0.0,0.0,1.0,0.0,리얼 퍼지 브라우니 4개 Set 20000
161,6,"[시금치치아바타] 저당빵,건강빵, 식사대용 더브레드블루",https://smartstore.naver.com/thebreadblue/products/10217337021,5390,,,,,,
162,4,프로넛 무설탕 자일리톨 캔디 6가지맛 세트 화이트데이 선물포장 답례품 대량주문,https://smartstore.naver.com/pronut/products/9786795232,16800,1.0,1.0,0.0,0.0,0.0,버라이어티팩 6가지맛 버라이어티팩
163,14,저당 수제 간식 얼그레이 초코칩 글루텐프리 홍차 비건 쿠키,https://smartstore.naver.com/veganez/products/9899556578,5400,1.0,0.0,0.0,1.0,0.0,🍪
164,22,[포포브레드] 홀 파운드 3종 / 크리스마스 글루텐프리 케이크 노밀가루 비건 베이커리,https://smartstore.naver.com/forfourbread/products/6001277363,40000,1.0,0.0,0.0,1.0,0.0,"초바 홀파운드 쑥밤 홀파운드 단호한밤 홀파운드 (+3,000원)"
165,14,비건베이커리 비건 저당 간식 선물 볼쿠키 답례품 시나아몬호두볼,https://smartstore.naver.com/veganez/products/10169829685,5800,1.0,0.0,0.0,1.0,0.0,🍪 선택
166,6,[통밀100] 비건빵 100% 통밀빵 샌드위치 파니니 식사대용 건강 간식,https://smartstore.naver.com/thebreadblue/products/10633414319,15000,0.0,0.0,1.0,1.0,1.0,필수상품 없음
167,14,스모어쿠키 르뱅 수제 아메리칸 비건쿠키,https://smartstore.naver.com/veganez/products/9899474228,5400,1.0,0.0,0.0,1.0,0.0,🍪 선택 🍪
168,34,영이제과/비건/쌀쿠키/답례품/단체주문/건강간식/기업간식/단체간식/단체선물/선물용/쿠키/쌀사,https://smartstore.naver.com/02bakery/products/6216025703,3700,0.0,0.0,0.0,1.0,0.0,"호두사브레 8입 호지차사브레 8입 시나몬메이플피칸사브레 8입 (+400원) 참깨사브레 8입 (+200원) 호두사브레+호지차사브레 8입 호두사브레+시나몬메이플피칸사브레 8입 (+200원) 호두사브레+참깨사브레 8입 (+100원) 호지차사브레+시나몬메이플피칸사브레 8입 (+200원) 호지차사브레+참깨사브레 8입 (+100원) 시나몬메이플피칸사브레+참깨사브레 (+300원) 쌀크럼볼 3종 답례품 (+1,500원) 바닐라쌀비스킷+호두사브레+초코칩쌀볼 (+600원) 제주말차쌀비스킷+호두사브레+초코칩쌀볼 (+700원) 황치즈쌀비스킷+호두사브레+초코칩쌀볼 (+900원)"
169,7,"그림의빵 저당빵 베스트셀러 달콤세트 10개(크림빵3종+휘낭시에2종), 각2개씩 당뇨와건강몰",https://smartstore.naver.com/grimmsbread/products/8158097442,50200,0.0,0.0,0.0,0.0,0.0,필수상품 없음
170,8,[모닐이네하우스] 모모볼(모닐이의 모찌모찌 볼따구) V2 글루텐프리 쌀빵,https://smartstore.naver.com/monil2house/products/8702411060,4500,1.0,0.0,0.0,0.0,0.0,다크 말차 (+300원) 바닐라 (+300원)
171,12,비건 쌀 마들렌 - 레몬,https://smartstore.naver.com/dearmyqueen1553/products/8769087196,10800,1.0,0.0,0.0,1.0,0.0,커피 초코칩 쑥 레몬
172,22,[포포브레드] 쿠키 4종 / 쌀 디저트 글루텐프리 노밀가루 비건 베이커리,https://smartstore.naver.com/forfourbread/products/5176015845,3500,1.0,0.0,0.0,1.0,0.0,초코퍼지 쿠키 땅콩에퐁당 쿠키 말차다미아 쿠키 커피 쿠키
173,35,오티오븐 비건 비스코티 쌀볼 쌀쿠키 오트밀스콘 비건쿠키,https://smartstore.naver.com/oaty_oven/products/8656333343,4300,1.0,0.0,0.0,0.9583333333333334,0.0,"얼그레이 초코칩 쌀쿠키 (GF) (+400원) 헤이즐넛 초코칩 쌀쿠키 (GF) (+400원) 고구마 품은 단호박 쌀스콘(GF) 피스타치오 쌸브레(GF) (+1,700원) 초코칩 버터 쌸브레 (GF) (+1,200원) 제주말차 쌸브레 (GF)(200원 할인) (+1,500원) 민트초코칩 쌸브레 (GF) (+1,200원) 갈릭 바질 쌸브레 (GF) (+1,000원) 모카 쌸브레 (GF) (+1,000원) 시나몬초코 쌸브레 (GF) (+1,000원) 레몬 쌸브레(GF) (+1,000원) 피스타치오 쌀쿠키 (GF) (+1,500원) 황치즈 쌀쿠키 (Non-VG/GF) (+700원) 쑥앙금 쌀 쿠키 (GF) 넛츠 쌀쿠키 (GF) (+200원) 통밀 초코칩 비스코티 (+200원) 통밀 넛츠 비스코티 (+200원) 통밀 코코넛 비스코티 (+200원) 통밀 얼그레이 무화과 비스코티 (+200원) 초코칩 호두 오트스콘 (-300원) 피넛 오트스콘 (-300원) 플레인 오트스콘 (-300원) 현미 호두 초코칩 쿠키 (GF) (-200원) 발로나 헤이즐넛 쌀르뱅 (GF) (-200원)"
174,11,당류 0g 저당 단백질 깜빠뉴 무설탕 무밀가루 비건 키토제닉,https://smartstore.naver.com/ketopantry/products/8869138145,9600,0.0,0.5,1.0,1.0,0.0,멀티씨드 대파&멀티씨드 (+500원)
175,8,[모닐이네하우스] 겉바속촉 쌀 휘낭시에 시리즈 글루텐프리,https://smartstore.naver.com/monil2house/products/8658325289,2800,1.0,0.0,0.0,0.0,0.0,플레인 헤이즐넛 (+200원) 발로나(프랑스) 초코 (+200원) 보늬밤 (+400원) 호두크로칸트 (+200원) 무화과 크림치즈 (+200원) 애플 시나몬 (+200원) 말차 화이트 (+400원) 솔티 초코 (+400원) 황치즈 (+400원)
176,10,키토빵앗간 큐브 앙금 파운드 (저당 글루텐프리 저탄수빵),https://smartstore.naver.com/ketobbang/products/5264646685,4500,1.0,0.0,1.0,0.0,0.0,헤이즐넛 가나슈 쑥 팥앙금 콩크럼블 바닐라빈 크림치즈
177,23,메종드비건파운드케이크,https://smartstore.naver.com/maison_de_vegan/products/4781068021,13000,1.0,0.0,0.0,1.0,0.0,쑥무화과하프 단호박하프 제주말차하프 바닐라빈하프 바닐라모카하프 얼그레이캬라멜하프 유자오렌지하프 바닐라초코하프 쇼콜라하프
178,7,"그림의빵 저당 고단백 라즈베리 초코 그낭시에 16입, 당뇨와건강몰입점 디저트 휘낭시에",https://smartstore.naver.com/grimmsbread/products/9708208936,65200,0.0,0.4,0.4,0.0,0.0,구성1 구성2 구성3 라즈베리 초코 그낭시에 8개 패션코코넛 그낭시에 8개
179,14,무설탕 비건이지 먹어 볼 쿠키 플레인 쌀 크럼블 크럼볼 노슈가,https://smartstore.naver.com/veganez/products/10248863765,4800,1.0,0.0,0.0,1.0,0.0,🍪 선택 🍪
180,10,키토빵앗간 디쉬 치즈 스콘 (저당 글루텐프리 저탄수빵),https://smartstore.naver.com/ketobbang/products/5798960254,3800,1.0,1.0,0.5,0.0,0.0,대파 치즈 무화과 고르곤졸라
181,22,[포포브레드] 파운드 3종 / 쌀 디저트 글루텐프리 케이크 노밀가루 비건 베이커리,https://smartstore.naver.com/forfourbread/products/5268911320,5500,1.0,0.0,0.0,1.0,0.0,초바 파운드 쑥밤 파운드 단호한밤 파운드 (+300원)
182,16,통밀빵 다이어트빵 스콘 비건 구움과자 스콘 3개 세트상품 선물,https://smartstore.naver.com/earth-born/products/8084492499,12900,1.0,0.0,0.0,1.0,0.0,크랜베리 단호박
183,7,"굿다운 저당 초코잼, 1병",https://smartstore.naver.com/grimmsbread/products/10394185921,12400,0.0,0.0,0.5,0.0,0.0,1. 저당 초코잼 2. 저당 저칼로리 딸기잼
184,6,"[비건 쿠키] 건강 간식, 영양 간식, 채식, 식물성 쿠키",https://smartstore.naver.com/thebreadblue/products/9686069150,7700,0.0,0.0,0.0,1.0,0.0,비건버터 스노우 볼
185,11,저당 프로틴 스콘 무설탕 고댠백 수제 건강 간식,https://smartstore.naver.com/ketopantry/products/9764856488,4000,0.0,1.0,1.0,0.0,0.0,플레인 빠다코코넛 (+200원) 대파치즈 (+400원)
186,30,구떼 비건 스모어 쿠키 4종,https://smartstore.naver.com/gouterbakery/products/8421111962,3800,0.0,0.0,0.0,1.0,0.0,다크초코 제주유자 단호박 쑥
187,14,크럼블 크럼볼 흑임자 아몬드 무설탕 비건이지 임자몬드볼,https://smartstore.naver.com/veganez/products/10367728906,5700,1.0,0.0,0.0,1.0,0.0,🍪 선택 🍪
188,6,"[감자 치아바타] 저당빵, 비건빵, 건강빵 식사대용 더브레드블루",https://smartstore.naver.com/thebreadblue/products/10217185928,5390,0.0,0.0,1.0,1.0,1.0,필수상품 없음
189,14,비건이지 저당 쿠키 건강 간식 아몬드 초코칩 비건쿠키,https://smartstore.naver.com/veganez/products/9932836164,5000,1.0,0.0,0.0,1.0,0.0,🍪 선택 🍪
190,8,[모닐이네하우스] Best 100% 쌀 소금빵 (글루텐프리),https://smartstore.naver.com/monil2house/products/8907264126,3200,1.0,0.0,0.0,0.0,0.0,글루텐프리 쌀소금빵 (G.F)
191,12,비건 쌀 마들렌 - 콩고물 범벅 쑥,https://smartstore.naver.com/dearmyqueen1553/products/10663557479,4200,1.0,0.0,0.0,1.0,0.0,필수상품 없음
192,26,글루텐프리 수제쿠키 저당 디저트맛집 마카다미아 쿠키-2개입,https://smartstore.naver.com/humming_pound/products/5469178935,3900,1.0,1.0,1.0,0.0,0.0,마카다미아초코칩 피칸모카
193,4,[box] 프로넛 프로틴 도넛 카카오 밀가루없는 단백질 빵 식사대용 건강한 간식 글루텐프리,https://smartstore.naver.com/pronut/products/7709134195,23400,1.0,0.8333333333333334,0.0,0.0,0.0,카카오(더블카카오몬스터) 녹차(녹차품은카카오) 얼그레이(아이러브얼그레이) 초코바나나(초코한테바나나) 블루베리향치즈케이크(블베치) 버라이어티팩(맛별로)
194,7,"(3팩+3팩) 그림의빵 모닝빵 총 6팩, 저당식단용빵 100%곡물단백질 당뇨와건강몰입점 노",https://smartstore.naver.com/grimmsbread/products/9718870989,70200,0.0,0.5,0.5,0.0,0.0,구성1 구성2 코코모닝빵 3팩 야채모닝빵 3팩
195,29,에이사 비건 크림치즈쿠키 글루텐프리 저오일 저당 저칼로리,https://smartstore.naver.com/asa_veganclass/products/6149591370,4800,0.0,0.0,0.0,1.0,0.0,비건 크림치즈 쿠키 약과 (+200원) 오레오 군옥수수 페라미수 당근케이크
196,14,초콜렛칩 쿠키 노밀가루 쌀 글루텐프리 비건쿠키,https://smartstore.naver.com/veganez/products/9899550033,5200,1.0,0.0,0.0,1.0,0.0,🍪 선택
197,6,[무화과 듬뿍 바게트] 더브레드블루 비건빵 건강간식 저당 건강 식사대용,https://smartstore.naver.com/thebreadblue/products/10615189592,6500,0.0,0.0,0.0,1.0,1.0,필수상품 없음
198,7,"그림의빵 코코모닝빵 3팩, 저당식단용빵 100%곡물단백질 당뇨와건강몰입점 노밀가루 저당 고",https://smartstore.naver.com/grimmsbread/products/7318221629,35100,0.0,0.6666666666666666,0.6666666666666666,0.0,0.0,구성 코코모닝빵 3팩 야채모닝빵 3팩
199,22,[포포브레드] 쌀 치아바타 4종 / 빵 무설탕 저염 비건 베이커리,https://smartstore.naver.com/forfourbread/products/5268761609,4500,1.0,0.0,0.0,1.0,0.0,"올리브 치아바타 현미 치아바타 (+500원) 쑥쌀 치아바타 (+1,000원) 양파 치아바타 (+1,000원)"
200,4,프로넛 프로틴 큐브 파운드 밀가루없는 단백질 빵 에스프레소 식사대용 건강한 간식 글루텐프리,https://smartstore.naver.com/pronut/products/6510327348,18000,1.0,0.0,0.0,0.0,0.0,에스프레소(에스프레소) 카카오(카카오74) 흑임자(흑임자 임자있소)
201,25,초콩머핀 초코 프로틴빵 고단백 수제 글루텐프리 병아리콩 non-gmo 골라담기,https://smartstore.naver.com/f_nergy/products/5759900876,5400,1.0,0.0,0.0,0.0,0.0,초코 쑥 초코나무 (+200원) 레몬얼그레이 (+100원)
202,20,프로틴도넛 프로틴 노밀가루 무설탕 단백질 식단조절 단백질빵,https://smartstore.naver.com/6-bbang/products/5847878830,4900,1.0,0.75,0.0,1.0,0.0,도너츠맛 치즈맛 커피맛 초코맛
203,8,"[모닐이네하우스] 무설탕 3단 초콜릿 케이크 DIY키트 (연말파티, 행사)",https://smartstore.naver.com/monil2house/products/9324661358,78500,1.0,0.0,0.2,0.0,0.0,오리지널 다크 얼그레이 다크 라즈베리 다크 키토 쇼콜라 무화과 다크
204,18,두바이 초콜릿 쌀 비건쿠키 글루텐프리 빵택배,https://smartstore.naver.com/vegandaum/products/5675831093,10300,1.0,0.0,0.0,1.0,0.0,"쿠키종류 두바이 초콜릿 하루견과 쿠키 (-4,900원) 스모어 쿠키 (-4,600원)"
205,14,더블 초코칩 수제 비건쿠키 가나슈 초코 쫀득 꾸덕 결혼 답례품 선물,https://smartstore.naver.com/veganez/products/9899534560,5800,1.0,0.0,0.0,1.0,0.0,🍪 선택
206,14,비건이지 수제 쿠키 글루텐프리 무설탕 답례품 퇴사 선물 시보해제 결혼 조공 르뱅 간식,https://smartstore.naver.com/veganez/products/9491948626,4800,1.0,0.0,0.0,1.0,0.0,"1. 플레인볼 2. 크런치볼 3. 임자몬드볼 (+900원) 4. 얼그레이초코볼 (+800원) 5. 땅콩이 피칸 볼 (+900원) 6. 크런치초코볼 (+1,000원) 7. 시나아몬호두볼 (+1,000원) 8. 흑임자 (+400원) 9. 초당옥수수 (+400원) 10. 뉴초콜렛칩 (+600원) 11. 오!스모어 (+600원) 12. 피넛버터 (+400원) 13. 피넛초코칩 (+400원) 14. 아몬드 (+200원) 15. 아몬드초코칩 (+200원) 16. 얼그레이초코칩 (+600원) 17. 레몬얼그레이 (+1,000원) 18. 시나몬두 (+800원) 19. 시나몬레이즌 (+800원)"
207,9,로썸 통밀비스코티,https://smartstore.naver.com/rawsome/products/6062750757,4500,1.0,0.0,0.0,1.0,0.0,무화과비스코티 코코넛비스코티 헤이즐넛초코비스코티 모카초코칩비스코티
208,32,빵떡집 단백질빵떡이 단백질10g 글루텐프리,https://smartstore.naver.com/bbangttuk_house/products/9943459516,3500,1.0,0.14285714285714285,0.14285714285714285,0.0,0.0,단백질 빵떡이 초코 솔티카라멜 바닐라크림 고구마 단호박 흑임자
209,6,[소소한 소금빵 4개 세트] 비건빵 100% 건강빵 간식,https://smartstore.naver.com/thebreadblue/products/10437967700,11000,0.0,0.0,0.0,1.0,0.0,필수상품 없음
210,22,[포포브레드] 마들렌 4종 / 쌀 디저트 글루텐프리 노밀가루 비건 베이커리,https://smartstore.naver.com/forfourbread/products/5268905112,2800,1.0,0.0,0.0,1.0,0.0,초코 마들렌 메콩 마들렌 쑥밭 마들렌 (+200원) 레몬얼그레이 마들렌 (+200원)
211,7,"그림의빵 고단백 저당 크림빵 6개, 100%곡물단백 당뇨와건강몰입점",https://smartstore.naver.com/grimmsbread/products/6541794870,33000,0.0,0.6666666666666666,0.6666666666666666,0.0,0.0,구성1 구성2 딸기맛 3개 우유맛 3개 초코맛 3개 흑임자맛 3개
